{
  "swagger": "2.0",
  "info": {
    "title": "prospects.proto",
    "version": "version not set"
  },
  "consumes": [
    "application/json"
  ],
  "produces": [
    "application/json"
  ],
  "paths": {
    "/v1/prospects": {
      "post": {
        "operationId": "prospectsService_GetMultipleProspects",
        "responses": {
          "200": {
            "description": "A successful response.",
            "schema": {
              "$ref": "#/definitions/prospectsGetMultipleProspectsResponse"
            }
          },
          "default": {
            "description": "An unexpected error response",
            "schema": {
              "$ref": "#/definitions/runtimeError"
            }
          }
        },
        "parameters": [
          {
            "name": "body",
            "in": "body",
            "required": true,
            "schema": {
              "$ref": "#/definitions/prospectsGetMultipleProspectsRequest"
            }
          }
        ],
        "tags": [
          "prospectsService"
        ]
      }
    },
    "/v1/prospects/create": {
      "post": {
        "operationId": "prospectsService_CreateSingleProspects",
        "responses": {
          "200": {
            "description": "A successful response.",
            "schema": {
              "$ref": "#/definitions/prospectsCreateSingleProspectsResponse"
            }
          },
          "default": {
            "description": "An unexpected error response",
            "schema": {
              "$ref": "#/definitions/runtimeError"
            }
          }
        },
        "parameters": [
          {
            "name": "body",
            "in": "body",
            "required": true,
            "schema": {
              "$ref": "#/definitions/prospectsCreateSingleProspectsRequest"
            }
          }
        ],
        "tags": [
          "prospectsService"
        ]
      }
    },
    "/v1/prospects/createMultiple": {
      "post": {
        "operationId": "prospectsService_CreateMultipleProspects",
        "responses": {
          "200": {
            "description": "A successful response.",
            "schema": {
              "$ref": "#/definitions/prospectsCreateMultipleProspectsResponse"
            }
          },
          "default": {
            "description": "An unexpected error response",
            "schema": {
              "$ref": "#/definitions/runtimeError"
            }
          }
        },
        "parameters": [
          {
            "name": "body",
            "in": "body",
            "required": true,
            "schema": {
              "$ref": "#/definitions/prospectsCreateMultipleProspectsRequest"
            }
          }
        ],
        "tags": [
          "prospectsService"
        ]
      }
    },
    "/v1/prospects/delete": {
      "post": {
        "operationId": "prospectsService_DeleteProspects",
        "responses": {
          "200": {
            "description": "A successful response.",
            "schema": {
              "$ref": "#/definitions/prospectsDeleteProspectsResponse"
            }
          },
          "default": {
            "description": "An unexpected error response",
            "schema": {
              "$ref": "#/definitions/runtimeError"
            }
          }
        },
        "parameters": [
          {
            "name": "body",
            "in": "body",
            "required": true,
            "schema": {
              "$ref": "#/definitions/prospectsDeleteProspectsRequest"
            }
          }
        ],
        "tags": [
          "prospectsService"
        ]
      }
    },
    "/v1/prospects/getSingle": {
      "post": {
        "operationId": "prospectsService_GetSingleProspects",
        "responses": {
          "200": {
            "description": "A successful response.",
            "schema": {
              "$ref": "#/definitions/prospectsGetSingleProspectsResponse"
            }
          },
          "default": {
            "description": "An unexpected error response",
            "schema": {
              "$ref": "#/definitions/runtimeError"
            }
          }
        },
        "parameters": [
          {
            "name": "body",
            "in": "body",
            "required": true,
            "schema": {
              "$ref": "#/definitions/prospectsGetSingleProspectsRequest"
            }
          }
        ],
        "tags": [
          "prospectsService"
        ]
      }
    },
    "/v1/prospects/update": {
      "post": {
        "operationId": "prospectsService_UpdateProspects",
        "responses": {
          "200": {
            "description": "A successful response.",
            "schema": {
              "$ref": "#/definitions/prospectsUpdateProspectsResponse"
            }
          },
          "default": {
            "description": "An unexpected error response",
            "schema": {
              "$ref": "#/definitions/runtimeError"
            }
          }
        },
        "parameters": [
          {
            "name": "body",
            "in": "body",
            "required": true,
            "schema": {
              "$ref": "#/definitions/prospectsUpdateProspectsRequest"
            }
          }
        ],
        "tags": [
          "prospectsService"
        ]
      }
    }
  },
  "definitions": {
    "prospectsCreateMultipleProspectsRequest": {
      "type": "object",
      "properties": {
        "data": {
          "type": "array",
          "items": {
            "$ref": "#/definitions/prospectsProspects"
          }
        }
      }
    },
    "prospectsCreateMultipleProspectsResponse": {
      "type": "object",
      "properties": {
        "message": {
          "type": "string"
        }
      }
    },
    "prospectsCreateSingleProspectsRequest": {
      "type": "object",
      "properties": {
        "data": {
          "$ref": "#/definitions/prospectsProspects"
        }
      }
    },
    "prospectsCreateSingleProspectsResponse": {
      "type": "object",
      "properties": {
        "message": {
          "type": "string"
        }
      }
    },
    "prospectsDeleteProspectsRequest": {
      "type": "object",
      "properties": {
        "filters": {
          "type": "object",
          "additionalProperties": {
            "type": "object"
          }
        }
      }
    },
    "prospectsDeleteProspectsResponse": {
      "type": "object",
      "properties": {
        "message": {
          "type": "string"
        }
      }
    },
    "prospectsGetMultipleProspectsRequest": {
      "type": "object",
      "properties": {
        "filters": {
          "type": "object",
          "additionalProperties": {
            "type": "object"
          }
        }
      }
    },
    "prospectsGetMultipleProspectsResponse": {
      "type": "object",
      "properties": {
        "data": {
          "type": "array",
          "items": {
            "$ref": "#/definitions/prospectsProspects"
          }
        }
      }
    },
    "prospectsGetSingleProspectsRequest": {
      "type": "object",
      "properties": {
        "filters": {
          "type": "object",
          "additionalProperties": {
            "type": "object"
          }
        }
      }
    },
    "prospectsGetSingleProspectsResponse": {
      "type": "object",
      "properties": {
        "data": {
          "$ref": "#/definitions/prospectsProspects"
        }
      }
    },
    "prospectsProspects": {
      "type": "object",
      "properties": {
        "name": {
          "type": "string"
        },
        "email": {
          "type": "string"
        },
        "status": {
          "type": "string"
        },
        "userId": {
          "type": "string"
        },
        "phone": {
          "type": "string"
        },
        "id": {
          "type": "string"
        }
      }
    },
    "prospectsUpdateProspectsRequest": {
      "type": "object",
      "properties": {
        "filters": {
          "type": "object",
          "additionalProperties": {
            "type": "object"
          }
        },
        "data": {
          "type": "object",
          "additionalProperties": {
            "type": "object"
          }
        }
      }
    },
    "prospectsUpdateProspectsResponse": {
      "type": "object",
      "properties": {
        "message": {
          "type": "string"
        }
      }
    },
    "protobufAny": {
      "type": "object",
      "properties": {
        "type_url": {
          "type": "string"
        },
        "value": {
          "type": "string",
          "format": "byte"
        }
      }
    },
    "protobufNullValue": {
      "type": "string",
      "enum": [
        "NULL_VALUE"
      ],
      "default": "NULL_VALUE",
      "description": "`NullValue` is a singleton enumeration to represent the null value for the\n`Value` type union.\n\n The JSON representation for `NullValue` is JSON `null`.\n\n - NULL_VALUE: Null value."
    },
    "runtimeError": {
      "type": "object",
      "properties": {
        "error": {
          "type": "string"
        },
        "code": {
          "type": "integer",
          "format": "int32"
        },
        "message": {
          "type": "string"
        },
        "details": {
          "type": "array",
          "items": {
            "$ref": "#/definitions/protobufAny"
          }
        }
      }
    }
  }
}
